{
    "Annamayya": [
    "B. Kothakota",
    "Madanapalle I Town",
    "Madanapalle II Town",
    "Madanapalle Rural",
    "Mudiveedu",
    "Nimmanapalle",
    "Ramasamudram",
    "Mulakalacheruvu",
    "P.T. Samudram (PTM)",
    "Peddamandayam",
    "Thamballapalli",
    "Kodur",
    "Mannur",
    "Rajampet",
    "Chitvel",
    "Obulavaripalli",
    "Nandalur",
    "Penagalur",
    "Pullampeta",
    "Kalikiri",
    "Piler",
    "Rayachoty",
    "Rayachoty Traffic",
    "K.V. Palli",
    "Kalakada",
    "Galiveedu",
    "Lakkireddipalli",
    "Ramapuram",
    "Chinnamandem",
    "Sambepalli",
    "T. Sundupalli",
    "Veeraballi",
    "Gurramkonda",
    "Voyalpadu"
  ],
  "Eluru": [
    "Eluru Traffic",
    "Mahila UPS, Eluru",
    "Eluru I Town",
    "Eluru II Town",
    "Eluru III Town",
    "Kaikaluru Town",
    "Bhimadole",
    "Dwaraka Tirumala",
    "Eluru Rural",
    "Kaikaluru Rural",
    "Kalidindi",
    "Mandavalli",
    "Mudinepalli",
    "Chebrole",
    "Ganapavaram",
    "Nidamarru",
    "Chintalapudi",
    "Dharmajigudem",
    "Jangareddygudem",
    "Jangareddygudem Traffic",
    "Lakkavaram",
    "Tadikalapudi",
    "Nuzvid Town",
    "Agiripalli",
    "Chatrai",
    "Musunuru",
    "Nuzvid Rural",
    "Denduluru",
    "Pedapadu",
    "Pedavegi",
    "Buttaigudem",
    "Jeelugumilli",
    "T. Narasapuram",
    "Kukunoor",
    "Velerupadu",
    "Koyyalagudem",
    "Polavaram"
  ],
  "Kurnool": [
    "Kurnool Traffic",
    "Mahila UPS, Kurnool",

    "Adoni I Town",
    "Adoni II Town",
    "Adoni III Town",
    "Adoni Traffic",

    "Adoni Rural",
    "Isvi",
    "Peddathumbalam",

    "Kurnool I Town",
    "Kurnool II Town",
    "Kurnool III Town",
    "Kurnool IV Town",
    "Kurnool Taluk",

    "C. Belgal",
    "Gudur",
    "Kodumur",

    "K. Nagalapuram",
    "Oravakal",
    "Ulindakonda",

    "Aspari",
    "Devanakonda",
    "Pathikonda",

    "Alur",
    "Chippagiri",
    "Halaharvi",
    "Holagunda",

    "Jonnagiri",
    "Maddikera",
    "Tuggali",

    "Krishnagiri",
    "Veldurthi",

    "Gonegandla",
    "Kowthalam",
    "Yemmiganur Town",

    "Kosigi",
    "Peddakadubur",

    "Madhavaram",
    "Manthralayam",

    "Nandavaram",
    "Yemmiganur Rural",
    "Yemmiganur Traffic"
  ],
  "Palnadu": [
    "Mahila UPS, Palnadu",

    "Dachepalli",
    "Gurazala Town",
    "Macherla Town",
    "Piduguralla",

    "Machavaram",

    "Durgi",
    "Karempudi",
    "Rentachinthala",

    "Macherla Rural",
    "Nagarjunasagar",
    "Veldurthy",

    "Chilakaluripet Town",
    "Narsaraopet I Town",
    "Narsaraopet II Town",
    "Vinukonda",

    "Chilakaluripet Rural",
    "Edlapadu",
    "Nadendla",

    "Narasaraopet Traffic PS",

    "Narasaraopet Rural",
    "Rompicherla",

    "Bandlamotu",
    "Inavole",
    "Ipur",
    "Savalyapuram",

    "Amaravathi",
    "Sattenapalli Town",

    "Atchampet",
    "Bellamkonda",
    "Krosuru",
    "Pedakurapadu",

    "Muppalla",
    "Nekarekal",
    "Rajupalem"
  ],
  "Tirupati": [
    "Naidupet",

    "Doravari Satram",
    "Ozili",
    "Pellakur",

    "Sriharikota",
    "Sullurpet",
    "Tada",

    "CCS, Tirumala",
    "CCS, Tirupathi",
    "Mahila UPS, Tirupathi",
    "Tirumala Traffic",
    "Tirupathi Traffic",

    "Pakala",
    "Tirchanur",
    "Tirupati Rural",

    "Bhakarapet",
    "Yerravaripalem",

    "Chandragiri UPS",
    "R.C. Puram",

    "Gudur I Town",
    "Gudur II Town",

    "Chillakur",
    "Gudur Rural",

    "Chittamuru",
    "Kota",
    "Vakadu",

    "Balayapalli",
    "Dakkili",
    "Venkatagiri",

    "Puttur",

    "K.V.B. Puram",
    "Narayanavanam",
    "Pitchatoor",
    "Vadamalpet",

    "Nagalapuram",
    "Satyavedu",
    "Vardaiahpalem",

    "Renigunta",
    "Yerpedu",

    "Airport",
    "Gajula Mandhyam",

    "Sri City",

    "Srikalahasthi I Town",
    "Srikalahasthi Rural",
    "Srikalahasti II Town",

    "B.N. Kandriga",
    "Thottambedu",

    "Tirumala I Town",
    "Tirumala II Town",

    "Alipiri",
    "S.V.U. Campus",
    "Tirupathi East",
    "Tirupathi West"
  ],
  "Vizianagaram": [
    "Mahila UPS, Vizianagaram",
    "Vizianagaram Traffic",

    "Bobbili Town",

    "Badangi",
    "Ramabhadrapuram",
    "Therlam",

    "Bobbili Traffic",

    "Andra",
    "Bondapalli",
    "Burjavalasa",
    "Gajapathinagaram",
    "Pedamanapuram",

    "Rajam Town",

    "Budarayavalasa",
    "Cheepurupalli",
    "Garividi",
    "Gurla",

    "Regidi Amudalavalsa",
    "Santhakaviti",
    "Vangara",

    "Bhogapuram",
    "Kothavalasa",
    "S. Kota",
    "Vizianagaram I Town",
    "Vizianagaram II Town",

    "Denkada",
    "Nellimarla",
    "Pusapatirega",

    "Jami",
    "L. Kota",
    "Vallampudi",

    "Gantyada",
    "Vizianagaram Rural"
  ],
  "Alluri Sitarama Raju": [
    "Annavaram",
    "Chinthapalli",

    "Gudemkothaveedi (G.K. Veedhi)",
    "Sileru",

    "Koyyuru",
    "Mampa",

    "Chintoor",
    "Donkarai",
    "Moothugudem",

    "Kunavaram",
    "Vara Ramachandrapuram",
    "Yetapaka",

    "Anantagiri",
    "Araku",
    "Dumbriguda",

    "Gangaraju Madugula (G. Madugula)",
    "Munchingiput",
    "Pedabayalu",

    "Hukumpeta",
    "Paderu",

    "Addateegala",
    "Dutcherthi",
    "Gangavaram",
    "Y. Ramavaram",

    "Gurthedu",
    "Maredumilli",

    "Jaddangi",
    "Rajavommangi",

    "Devipatnam",
    "Rampachodavaram"
  ],
  "Anantapur": [
    "Anantapur Traffic",
    "CCS, Anantapur",
    "Mahila UPS, Anantapur",
    "Anantapur Rural",
    "Bukkaraya Samudram",
    "Rapthadu",
    "Atmakur",
    "Itukalapalli",
    "Putlur",
    "Yellanur",
    "Garladinne",
    "Narpala",
    "Singanamala",
    "Anantapur I Town",
    "Anantapur II Town",
    "Anantapur III Town",
    "Anantapur IV Town",
    "Gooty",
    "Guntakal I Town",
    "Guntakal II Town",
    "Kuderu UPS",
    "Pamidi",
    "Uravakonda",
    "Guntakal Rural",
    "Kasapuram",
    "Beluguppa",
    "Palthur",
    "Vajrakarur",
    "Vidapanakal",
    "Kalyandurg Rural",
    "Kalyandurg Town",
    "Rayadurg",
    "Brahmasamudram",
    "Kambadur",
    "Kundurpi",
    "Settur",
    "Bommanahal",
    "D. Hirehal",
    "Gummagatta",
    "Kanekal",
    "Tadipathri Rural",
    "Tadipathri Town",
    "Yadiki",
    "Peddapappur",
    "Peddavadugur"
  ],
  "Dr. B. R. Ambedkar Konaseema": [
    "Amalapuram Town",

    "Allavaram",
    "Amalapuram Rural",
    "Uppalaguptam",

    "I. Polavaram",
    "Katrenikona",
    "Mummidivaram",

    "Ambajipeta",
    "Inavilli",
    "Nagaram",
    "P. Gannavaram",

    "Alamuru",
    "Athreyapuram",
    "Kothapeta",
    "Ravulapalem",

    "Malkipuram",
    "Razole",
    "Sakhinetipalli",

    "Mandapeta Town",

    "Angara",
    "Mandapeta Rural",
    "Rayavaram",

    "Draksharama",
    "Pamarru",
    "Ramachandrapuram"
  ],
  "East Godavari": [
    "Mahila UPS, East Godavari",
    "Traffic, East Godavari",

    "Prakash Nagar",
    "Rajahmundry I Town",
    "Rajahmundry III Town",

    "Bommuru",

    "Anaparthi",
    "Biccavole",
    "Rangampeta",

    "Kovvur Town",
    "Nallajerla",

    "Devarapalli",
    "Gopalapuram",

    "Chagallu",
    "Kovvur Rural",
    "Tallapudi",

    "Nidadavole Town",
    "Peravalli",
    "Samisrigudem",
    "Undrajavaram",

    "Rajanagaram",

    "Airport PS",
    "Gokavaram",
    "Korukonda",
    "Seethanagaram",

    "Rajahmundry East CCS",
    "Rajahmundry North CCS",
    "Rajahmundry South CCS",

    "Dowaleswaram",
    "Kadiam",
    "Rajahmundry II Town"
  ],
  "Krishna":[
    "CCS UPS, Gudivada",
    "CCS UPS, Machilipatnam",
    "Mahila UPS, Machilipatnam",
    "Avanigadda",
    "Koduru",
    "Nagayalanka",
    "Challapalli",
    "Ghantasala",
    "Chilakalapudi UPS",
    "Inaguduru UPS",
    "Robertsonpet",
    "Bantumilli",
    "Guduru",
    "Kruthivennu",
    "Pedana",
    "Bandar Taluk PS",
    "Machilipatnam Town",
    "Gannavaram Traffic UPS",
    "Gannavaram UPS",
    "Penamaluru UPS",
    "Vuyyuru Town UPS",
    "Unguturu",
    "Atkuru",
    "Hanuman Junction",
    "Veeravalli",
    "Kankipadu",
    "Vuyyuru Rural",
    "Gudivada I Town UPS",
    "Gudivada II Town UPS",
    "Gudivada Traffic",
    "Gudivada Rural",
    "Gudlavalleru",
    "Nandivada",
    "Kuchipudi",
    "Pamarru",
    "Pedaparupudi",
    "Pamidimukkala",
    "Thotlavalluru"
  ],
  "Prakasam": [
    "Mahila UPS, Ongole",
    "Traffic, Ongole",
    "Darsi",
    "Mundlamur",
    "Thallur",
    "Konakanamitla",
    "Podili",
    "Tarlupadu",
    "Donakonda",
    "Kurichedu",
    "Tripuranthakam",
    "Hanumanthunipadu",
    "Kanigiri",
    "Peddacherlo Palli",
    "Kondepi",
    "Marripudi",
    "Ponnalur",
    "C.S. Puram",
    "Pamur",
    "Veligandla",
    "Giddalur",
    "Ardhaveedu",
    "Besthavaripeta",
    "Cumbum",
    "Komarolu",
    "Racherla",
    "Markapur Rural",
    "Markapur Town",
    "Dornala",
    "Peddaraveedu",
    "Pullala Cheruvu",
    "Yerragonda Palem",
    "Chimakurthy",
    "Ongole I Town",
    "Ongole II Town",
    "Ongole Taluk",
    "Kothapatnam",
    "Maddipadu",
    "N.G. Padu",
    "Santhanuthalapadu",
    "Jarugumalli",
    "Singarayakonda",
    "Tangutur"
  ],
  "Nellore": [
    "Mahila UPS, Nellore",
    "Nellore Traffic (North)",
    "Nellore Traffic (South)",
    "Ananthasagaram",
    "Atmakur",
    "Marripadu (D.C.Palli)",
    "Somasila",
    "Kaluvoy",
    "Kandaleru",
    "Rapur",
    "Sydapuram",
    "A.S.Pet",
    "Chejerla",
    "Sangam",
    "Gudlur",
    "Lingasamudram",
    "Voletivaripalem",
    "Kandukur Town",
    "Kandukuru Rural",
    "Ulavapadu",
    "Kavali I Town",
    "Kavali II Town",
    "Kavali Rural",
    "Jaladanki",
    "Kaligiri",
    "Kondapuram",
    "Vinjamur",
    "Allur",
    "Bitragunta",
    "Dagadarthi",
    "Duttaluru",
    "S.R.Puram",
    "Udayagiri",
    "Varikunta Padu",
    "Buchireddypalem",
    "Nellore Rural",
    "V. Sataram",
    "Kodavalur",
    "Vidavalur",
    "Indukurpet",
    "Kovur",
    "Krishnapatnam Port",
    "Muttukur",
    "Totapalli Gudur",
    "Manubolu",
    "Podalakur",
    "Balajinagar",
    "Chinna Bazar",
    "Dargamitta",
    "Nawabpet",
    "Santhapet",
    "Vedayapalem"
  ],
  "Srikakulam": [
    "Mahila UPS, Srikakulam",
    "Srikakulam Traffic",
    "Kasibugga",
    "Itchapuram Rural",
    "Itchapuram Town",
    "Kaviti",
    "Mandasa",
    "Vajrapukothuru",
    "Baruva",
    "Kanchili",
    "Sompeta",
    "Srikakulam II Town",
    "Amadalavalasa",
    "Burja",
    "Ponduru",
    "Sarubujjili",
    "Etcherla",
    "G. Sigadam",
    "J.R.Puram",
    "Laveru",
    "Gara",
    "Srikakulam I Town",
    "Srikakulam Rural",
    "Tekkali PS",
    "Hiramandalam",
    "Kothuru",
    "Jalumuru",
    "Narasannapeta",
    "Polaki",
    "Saravakota",
    "Meliaputti",
    "Pathapatnam",
    "Kotabommali",
    "Nandigam",
    "Naupada",
    "Santhabommali"
  ],
  "Kadapa": [
    "Kadapa Traffic",
    "Mahila UPS, Kadapa",
    "Jammalamadugu",
    "Muddanur",
    "Yerraguntla",
    "Mylavaram",
    "Peddamudium",
    "Talamanchipatnam",
    "Kalamalla",
    "Kondapuram",
    "Tallaproddatur",
    "Chinna Chowk",
    "Kadapa I Town",
    "Kadapa II Town",
    "Kadapa Rural",
    "RIMS",
    "Chennur",
    "Chintakomma Dinne",
    "Pendlimarri",
    "Gangireddipalli (G.R.Palli)",
    "Kamalapuram",
    "Vallur",
    "Sidhout",
    "Vontimitta",
    "Badvel",
    "Mydukur",
    "Atlur",
    "B.Kodur",
    "Badvel Rural (Gopavaram)",
    "B.Matam",
    "Chapadu",
    "Duvvur",
    "Khajipet",
    "Kalasapadu",
    "Porumamilla",
    "SAKN PS",
    "Proddatur I Town",
    "Proddatur II Town",
    "Proddatur III Town",
    "Proddatur Traffic",
    "Proddatur Rural",
    "Rajupalem",
    "Pulivendula",
    "Pulivendula Traffic",
    "Vempalli",
    "Lingala",
    "Simhadripuram",
    "Thondur",
    "Chekrayapet",
    "RK Valley",
    "Vemula"
  ],
  "Anakapalli": [
    "Mahila UPS, Anakapalli",
    "Anakapalli Town",
    "Chodavaram",
    "Kasimkota",
    "Anakapalli Rural",
    "Anakapalli Traffic",
    "A.Koduru",
    "Cheedikada",
    "Devarapalli",
    "K.Kotapadu",
    "V.Madugula",
    "Butchiyyapeta",
    "Kothakota",
    "Ravikamatham",
    "Rolugunta",
    "Nakkapalli",
    "Narsipatnam Town",
    "Payakaraopeta",
    "Kotavurtla",
    "S.Rayavaram",
    "Golugonda",
    "K.D.Peta",
    "Makavarapalem",
    "Narsipatnam Rural",
    "Nathavaram",
    "Atchutapuram",
    "Parawada",
    "Rambilli",
    "Sabbavaram",
    "Munagapaka",
    "Yelamanchili Rural",
    "Yelamanchili Town",
    "Yelamanchili"
  ],
  "Bapatla": [
    "Bapatla Town",
    "Martur",
    "Karlapalem",
    "T. Sandole",
    "Vedullapalli",
    "Parchur",
    "Yaddanapudi",
    "Ballikurava",
    "Santhamagulur",
    "Addanki",
    "Chirala I Town",
    "Chirala II Town",
    "J. Pangulur",
    "Korisapadu",
    "Medarametla",
    "Chirala Rural",
    "Vetapalem",
    "Chinaganjam",
    "Inkollu",
    "Karamchedu",
    "Repalle",
    "Adavuladeevi",
    "Cherukupalli",
    "Nagaram",
    "Nizampatnam",
    "T. Sodayapalem",
    "Amruthalur",
    "T. Sundur",
    "Bhattiprole",
    "Kolluru",
    "Vemuru"
  ],
  "Chittoor": [
    "CCS Chittoor UPS",
    "Mahila UPS, Chittoor",
    "Chittoor I Town UPS",
    "Chittoor II Town UPS",
    "Chittoor Taluk PS",
    "Narsingarayanipet (N.R.Pet)",
    "Penumur",
    "Gudipala",
    "Kanipakam",
    "Thavanampalle",
    "Yadamari",
    "G.D.Nellore UPS",
    "Irala",
    "Kallur",
    "Rompicherla",
    "Puthalapattu UPS",
    "Chittoor Traffic UPS",
    "Gudipalli",
    "Rallabudugur",
    "Ramakuppam",
    "Kuppam UPS",
    "K. Nagar",
    "Palasamudram",
    "S.R.Puram",
    "Vedurukuppam",
    "Nindra",
    "Vijayapuram",
    "Nagari UPS",
    "Bangarupalem UPS",
    "Gangavaram UPS",
    "Baireddypalle",
    "Panjani",
    "Palamaner UPS",
    "Chowdepalli",
    "Sodam",
    "Somala",
    "Punganur UPS",
    "V.Kota UPS"
  ],
  "Guntur": [
    "Guntur Traffic",
    "Mahila UPS, Guntur",
    "Kothapet",
    "Lalapet",
    "Old Guntur",
    "Mangalagiri Town",
    "Pedakakani",
    "Tadepalli",
    "Duggirala",
    "Mangalagiri Rural",
    "Nallapadu",
    "Vatticherukuru",
    "Kakumanu",
    "Pedanandipadu",
    "Prathipadu",
    "Ponnur Town",
    "Tenali I Town",
    "Tenali II Town",
    "Tenali III Town",
    "Chebrolu",
    "Ponnur Rural",
    "Kollipara",
    "Tenali Rural",
    "Medikonduru",
    "Phirangipuram PS",
    "Tadikonda",
    "Thulluru",
    "Thulluru Traffic",
    "Arundalpet",
    "Nagarampalem",
    "Pattabhipuram"
  ],
  "Nandyal": [
    "Allagadda Town",
    "Allagadda Rural",
    "Chagalamarri",
    "Dornipadu",
    "Uyyalawada",
    "Koilakuntla",
    "Kolimigundla",
    "Revanur",
    "Sanjamala",
    "Rudravaram",
    "Sirivella",
    "Nandikotkur",
    "Atmakur",
    "Kothapalli",
    "Pamulapadu",
    "Velugodu",
    "Brahmanakotkur",
    "Jupadu Bangalow",
    "Midthur",
    "Muchumarri",
    "Srisailam I Town",
    "Srisailam II Town",
    "Bethamcherla",
    "Dhone Rural",
    "Dhone Town",
    "Banaganapalli",
    "Nandivargam",
    "Owk",
    "Jaladurgam",
    "N. Racherla",
    "Peapully",
    "Nandyal I Town",
    "Nandyal II Town",
    "Nandyal III Town",
    "Nandyal Taluk",
    "Nandyal Traffic",
    "B. Atmakur",
    "Gospadu",
    "Mahanandi",
    "Gadivemula",
    "Panyam"
  ],
  "Parvathipuram Manyam": [
    "Chinamerangi",
    "Garugubilli",
    "Jiyyammavalasa",
    "Elwinpeta",
    "Kurupam",
    "Neelakantapuram",
    "Bathili",
    "Donubhai",
    "Palakonda",
    "Seethampeta",
    "Veeraghattam",
    "Kotiya",
    "Parvathipuram Town",
    "Salur Town",
    "Balijipeta",
    "Komarada",
    "Parvathipuram Rural",
    "Seethanagaram",
    "Parvathipuram Traffic",
    "Makkuva",
    "Pachipenta",
    "Salur Rural"
  ],
  "West Godavari": [
  "Bhimavaram I Town",
  "Bhimavaram II Town",
  "Bhimavaram Traffic",
  "Akividu",
  "Kalla",
  "Undi",
  "Bhimavaram Rural",
  "Palakoderu",
  "Veeravasaram",
  "Narasapuram Town",
  "Palakollu Town",
  "Mogaltur",
  "Narasapuram Rural",
  "Palakollu Rural",
  "Poduru",
  "Yelamanchili",
  "Achanta",
  "Penugonda",
  "Penumantra",
  "Tadepalligudem Town",
  "Tanuku Town",
  "Pentapadu",
  "Tadepalligudem Rural",
  "Tadepalligudem Traffic",
  "Attili",
  "Iragavaram",
  "Tanuku Rural",
  "Tanuku Traffic PS"
]

}
