
{
    "Ananthapuram": [
      "Anantapur I Town",
      "Anantapur II Town",
      "Anantapur III Town",
      "Anantapur IV Town",
      "Anantapur Rural",
      "Atmakur",
      "Beluguppa",
      "Bommanahal",
      "Brahamasamudram",
      "Bukkaraya Samudram",
      "CCS",
      "D.Hirehal",
      "Garladinne",
      "Gooty",
      "Gummagatta",
      "Guntakal I Town",
      "Guntakal II Town",
      "Guntakal Rural",
      "Itukalapalli",
      "Kalyandurg Rural",
      "Kalyandurg Town",
      "Kambadur",
      "Kanekal",
      "Kasapuram",
      "Kuderu",
      "Kundurpi",
      "Mahila UPS",
      "Narpala",
      "Palthur",
      "Pamidi",
      "Peddapappur",
      "Peddavadugur",
      "Putlur",
      "Rapthadu",
      "Rayadurg",
      "Settur",
      "Singanamala",
      "Tadipathri Rural",
      "Tadipathri Town",
      "Traffic",
      "Uravakonda",
      "Vajrakarur",
      "Vidapanakal",
      "Yadiki",
      "Yellanur"
    ],
    "Chittoor": [
      "Baireddypalle",
      "Bangarupalem UPS",
      "CCS",
      "Chittoor I Town UPS",
      "Chittoor II Town UPS",
      "Chittoor Taluk PS",
      "Chowdepalli",
      "G.D.Nellore UPS",
      "Gangavaram UPS",
      "Gudipala",
      "Gudipalli",
      "Irala",
      "K. Nagar",
      "Kallur",
      "Kanipakam",
      "Kuppam UPS",
      "Mahila UPS",
      "Nagari UPS",
      "Narsingarayanipet(N.R.Pet)",
      "Nindra",
      "Palamaner UPS",
      "Palasamudram",
      "Panjani",
      "Penumur ",
      "Punganur UPS",
      "Puthalapattu UPS",
      "Rallabudugur",
      "Ramakuppam",
      "Rompicherla",
      "S.R.Puram",
      "Sodam",
      "Somala",
      "Thavanampalle",
      "V.Kota UPS",
      "Vedurukuppam",
      "Vijayapuram",
      "Yadamari"
    ],
    "Sri Sathya Sai": [
      "Agali",
      "Amadaguru",
      "Amarapuram",
      "Bathalapalli",
      "Bukkapatnam",
      "CCS",
      "Chennekothapalli",
      "Chilmathur",
      "Dharmavaram I Town",
      "Dharmavaram II Town",
      "Dharmavaram Rural",
      "Gandlapenta",
      "Gorantla",
      "Gudibanda",
      "Hindupur I Town",
      "Hindupur II Town",
      "Hindupur Rural",
      "KIA PS",
      "Kadiri Rural",
      "Kadiri Town",
      "Kanaganapalli",
      "Kothacheruvu",
      "Lepakshi",
      "Madakasira",
      "Mahila UPS",
      "Mudigubba",
      "N.P.Kunta",
      "Nallacheruvu",
      "Nallamada",
      "O.D.Cheruvu",
      "Parigi",
      "Patnam",
      "Penukonda",
      "Puttaparthi Airport",
      "Puttaparthi Security Wing",
      "Puttaparthi Town",
      "Puttaparthy Rural",
      "Ramagiri",
      "Roddam",
      "Rolla",
      "Somandepalli",
      "Tadimarri",
      "Talupula",
      "Tanakal",
      "Traffic"
    ],
    "Tirupathi": [
      "Airport",
      "Alipiri",
      "B.N.Kandriga",
      "Balayapalli",
      "Bhakarapet",
      "CCS , Tirumala",
      "CCS , Tirupathi",
      "Chandragiri UPS",
      "Chillakur",
      "Chittamuru",
      "Dakkili",
      "Doravari Satram",
      "Gajula mandyam",
      "Gudur I Town",
      "Gudur II Town",
      "Gudur Rural",
      "K.V.B.Puram",
      "Kota",
      "Mahila UPS, Tirupathi",
      "Nagalapuram",
      "Naidupet",
      "Narayanavanam",
      "Ozili",
      "Pakala",
      "Pellakur",
      "Pitchatoor",
      "Puttur",
      "RC Puram ",
      "Renigunta",
      "S.V.U.Campus",
      "Satyavedu",
      "Sri City",
      "Sriharikota",
      "Srikalahasthi I Town",
      "Srikalahasthi Rural",
      "Srikalahasti II Town",
      "Sullurpet",
      "Tada",
      "Thottambedu",
      "Tirchanur",
      "Tirumala I Town",
      "Tirumala II Town",
      "Tirumala Traffic",
      "Tirupathi East",
      "Tirupathi Traffic",
      "Tirupathi West",
      "Tirupati Rural",
      "Vadamalpet",
      "Vakadu",
      "Vardaiahpalem",
      "Venkatagiri",
      "Yerpedu",
      "Yerravaripalem"
    ],
  
    "East Godavari": [
      "Airport PS",
      "Anaparthi",
      "Biccavole",
      "Bommuru",
      "CCS",
      "Chagallu",
      "Devarapalli",
      "Dowaleswaram",
      "Gokavaram",
      "Gopalapuram",
      "Kadiam",
      "Korukonda",
      "Kovvur Rural",
      "Kovvur Town",
      "Mahila UPS",
      "Nallajerla",
      "Nidadavole Town",
      "Peravalli",
      "Prakash Nagar",
      "Rajahmundry I Town",
      "Rajahmundry II Town",
      "Rajahmundry III Town",
      "Rajanagaram",
      "Rangampeta",
      "Samisrigudem",
      "Seethanagaram",
      "Tallapudi",
      "Traffic",
      "Undrajavaram"
    ],
    "West Godavari": [
      "Achanta",
      "Akividu",
      "Attili",
      "Bhimavaram I Town",
      "Bhimavaram II Town",
      "Bhimavaram Rural",
      "Bhimavaram Traffic",
      "Iragavaram",
      "Kalla",
      "Mogaltur",
      "Narasapuram Rural",
      "Narasapuram Town",
      "Palakoderu",
      "Palakollu Rural",
      "Palakollu Town",
      "Pentapadu",
      "Penugonda",
      "Penumantra",
      "Poduru",
      "Tadepalligudem Rural",
      "Tadepalligudem Town",
      "Tadepalligudem Traffc",
      "Tanuku Rural",
      "Tanuku Town",
      "Tanuku Traffic",
      "Undi",
      "Veeravasaram",
      "Yelamanchili"
    ],
    "Eluru": [
      "Agiripalli",
      "Bhimadole",
      "Buttaigudem",
      "CCS",
      "Chatrai",
      "Chebrole",
      "Chintalapudi",
      "Denduluru",
      "Dharmajigudem",
      "Dwaraka Tirumala",
      "Eluru I Town",
      "Eluru II Town",
      "Eluru III Town",
      "Eluru Rural",
      "Ganapavaram",
      "Jangareddygudem",
      "Jeelugumilli",
      "Kaikaluru Rural",
      "Kaikaluru Town",
      "Kalidindi",
      "Koyyalagudem",
      "Kukunoor",
      "Lakkavaram",
      "Mahila UPS",
      "Mandavalli",
      "Mudinepalli",
      "Musunuru",
      "Nidamarru",
      "Nuzvid Rural",
      "Nuzvid Town",
      "Pedapadu",
      "Pedavegi",
      "Polavaram",
      "T.Narasapuram",
      "Tadikalapudi",
      "Traffic",
      "Velerupadu"
    ],
    "Kakinada": [
      "Annavaram",
      "CCS",
      "Coringa",
      "Gandepalli",
      "Gollapalem",
      "Gollaprole",
      "Indrapalem",
      "Jaggampeta",
      "Kakinada I Town",
      "Kakinada II Town",
      "Kakinada III Town",
      "Kakinada Port",
      "Karapa",
      "Kirlampudi",
      "Kotananduru",
      "Mahila UPS",
      "Pedapudi",
      "Peddapuram",
      "Pithapuram Rural",
      "Pithapuram Town",
      "Prathipadu",
      "Rowthulapudi",
      "Samalkot",
      "Sarpavaram",
      "Thimmapuram",
      "Thondangi",
      "Tuni Rural",
      "Tuni Town",
      "U. Kothapalli",
      "Yeleswaram"
    ],
    "Dr. B R Ambedkar Konaseema": [
    "Alamuru",
    "Allavaram",
    "Amalapuram Rural",
    "Amalapuram Town",
    "Ambajipeta",
    "Angara",
    "Athreyapuram",
    "Draksharama",
    "I. Polavaram",
    "Inavilli",
    "Katrenikona",
    "Kothapeta",
    "Malkipuram",
    "Mandapeta Rural",
    "Mandapeta Town",
    "Mummidivaram",
    "Nagaram",
    "P.Gannavaram",
    "Pamarru",
    "Ramachandrapuram",
    "Ravulapalem",
    "Rayavaram",
    "Razole",
    "Sakhinetipalli",
    "Uppalaguptam"
  ],
    "Krishna": [
      "Atkuru",
      "Avanigadda",
      "Bandar Taluk PS",
      "Bandar Traffic",
      "Bantumilli",
      "CCS UPS, Gudivada",
      "CCS UPS, Machilipatnam",
      "Challapalli",
      "Chilakalapudi UPS",
      "Gannavaram UPS",
      "Ghantasala",
      "Gudivada I Town UPS",
      "Gudivada II Town UPS",
      "Gudivada Rural",
      "Gudlavalleru",
      "Guduru",
      "Hanuman Junction",
      "Inaguduru UPS",
      "Kankipadu",
      "Koduru",
      "Kruthivennu",
      "Kuchipudi",
      "Machilipatnam Town",
      "Mahila UPS, Machilipatnam",
      "Nagayalanka",
      "Nandivada",
      "Pamarru",
      "Pamidimukkala",
      "Pedana",
      "Pedaparupudi",
      "Penamaluru UPS",
      "Robertsonpet",
      "Thotlavalluru",
      "Unguturu",
      "Veeravalli",
      "Vuyyuru Rural",
      "Vuyyuru Town UPS"
    ],
    "Guntur": [
      "Arundalpet",
      "CCS",
      "Chebrolu",
      "Duggirala",
      "Kakumanu",
      "Kollipara",
      "Kothapet",
      "Lalapet",
      "Mahila UPS",
      "Mangalagiri Rural",
      "Mangalagiri Town",
      "Medikonduru",
      "Nagarampalem",
      "Nallapadu",
      "Old guntur",
      "Pattabhipuram",
      "Pedakakani",
      "Pedanandipadu",
      "Phirangipuram PS",
      "Ponnur Rural",
      "Ponnur Town",
      "Prathipadu",
      "Tadepalli",
      "Tadikonda",
      "Tenali I Town",
      "Tenali II Town",
      "Tenali III Town",
      "Tenali Rural",
      "Thulluru",
      "Traffic",
      "Vatticherukuru"
    ],
    "Bapatla": [
      "Adavuladeevi",
      "Addanki",
      "Amruthalur",
      "Ballikurava",
      "Bapatla Rural",
      "Bapatla Town",
      "Bhattiprole",
      "Cherukupalli",
      "Chinaganjam",
      "Chirala I Town",
      "Chirala II Town",
      "Chirala Rural",
      "Inkollu",
      "J.Pangulur",
      "Karamchedu",
      "Karlapalem",
      "Kolluru",
      "Korisapadu",
      "Martur",
      "Medarametla",
      "Nagaram",
      "Nizampatnam",
      "Parchur",
      "Repalle",
      "Santhamagulur",
      "T. Sandole",
      "T. Sodayapalem",
      "T. Sundur",
      "Vedullapalli",
      "Vemuru",
      "Vetapalem",
      "Yaddanapudi"
    ],
    "Palnadu": [
      "Amaravathi",
      "Atchampet",
      "Bandlamotu",
      "Bellamkonda",
      "CCS ",
      "Chilakaluripet Rural",
      "Chilakaluripet Town",
      "Dachepalli",
      "Durgi",
      "Edlapadu",
      "Gurazala Town",
      "Inavole",
      "Ipur",
      "Karempudi",
      "Krosuru",
      "Machavaram",
      "Macherla Rural",
      "Macherla Town",
      "Muppalla",
      "Nadendla",
      "Nagarjunasagar",
      "Narasaraopet Rural",
      "Narasaraopet Trafic PS",
      "Narsaraopet I Town",
      "Narsaraopet II Town",
      "Nekarekal",
      "Pedakurapadu",
      "Piduguralla",
      "Rajupalem",
      "Rentachinthala",
      "Rompicherla",
      "Sattenapalli Rural",
      "Sattenapalli Town",
      "Savalyapuram",
      "Traffic",
      "Veldurthy",
      "Vinukonda"
    ],
    "Prakasam": [
      "Ardhaveedu",
      "Besthavaripeta",
      "C.S.Puram",
      "CCS",
      "Chimakurthy",
      "Cumbum",
      "Darsi",
      "Donakonda",
      "Dornala",
      "Giddalur",
      "Hanumanthunipadu",
      "Jarugumalli",
      "Kanigiri",
      "Komarolu",
      "Konakanamitla",
      "Kondepi",
      "Kothapatnam",
      "Kurichedu",
      "Maddipadu",
      "Mahila UPS",
      "Markapur Rural",
      "Markapur Town",
      "Marripudi",
      "Mundlamur",
      "N.G. Padu",
      "Ongole I Town",
      "Ongole II Town",
      "Ongole Taluk",
      "Pamur",
      "Peddacherlo Palli",
      "Peddaraveedu",
      "Podili",
      "Ponnalur",
      "Pullala Cheruvu",
      "Racherla",
      "Santhanuthalapadu",
      "Singarayakonda",
      "Tangutur",
      "Tarlupadu",
      "Thallur",
      "Traffic",
      "Tripuranthakam",
      "Veligandla",
      "Yerragonda Palem"
    ],
    "Sri Potti Sriramulu Nellore": [
      "A.S.Pet",
      "Allur",
      "Ananthasagaram",
      "Atmakur",
      "Balajinagar",
      "Bitragunta",
      "Buchireddypalem",
      "CCS , Nellore",
      "Chejerla",
      "Chinna Bazar",
      "Dagadarthi",
      "Dargamitta",
      "Duttaluru",
      "Gudlur",
      "Indukurpet",
      "Jaladanki",
      "Kaligiri",
      "Kaluvoy",
      "Kandaleru",
      "Kandukur Town",
      "Kandukuru Rural",
      "Kavali I Town",
      "Kavali II Town",
      "Kavali Rural",
      "Kodavalur",
      "Kondapuram",
      "Kovur",
      "Krishnapatnam Port",
      "Lingasamudram",
      "Mahila UPS, Nellore",
      "Manubolu",
      "Marripadu (D.C.Palli)",
      "Muttukur",
      "Nawabpet",
      "Nellore Rural",
      "Nellore Traffic (North)",
      "Nellore Traffic (South)",
      "Podalakur",
      "Rapur",
      "S.R.Puram",
      "Sangam",
      "Santhapet",
      "Somasila",
      "Sydapuram",
      "Totapalli Gudur",
      "Udayagiri",
      "Ulavapadu",
      "V. Sataram",
      "Varikunta Padu",
      "Vedayapalem",
      "Vidavalur",
      "Vinjamur",
      "Voletivaripalem"
    ],
   
    "Kurnool": [
      "Adoni I Town",
      "Adoni II Town",
      "Adoni III Town",
      "Adoni Rural",
      "Alur",
      "Aspari",
      "C.Belgal",
      "CCS ",
      "Chippagiri",
      "Devanakonda",
      "Gonegandla",
      "Gudur",
      "Halaharvi",
      "Holagunda",
      "Isvi",
      "Jonnagiri",
      "K.Nagalapuram",
      "Kodumur",
      "Kosigi",
      "Kowthalam",
      "Krishnagiri",
      "Kurnool I Town",
      "Kurnool II Town",
      "Kurnool III Town",
      "Kurnool IV Town",
      "Kurnool Taluk",
      "Maddikera",
      "Madhavaram",
      "Mahila UPS, Kurnool",
      "Manthralayam",
      "Nandavaram",
      "Oravakal",
      "Pathikonda",
      "Peddakadubur",
      "Peddathumbalam",
      "Traffic",
      "Tuggali",
      "Ulindakonda",
      "Veldurthi",
      "Yemmiganur Rural",
      "Yemmiganur Town"
    ],
    "Nandyal": [
      "Allagadda Rural",
      "Allagadda Town",
      "Atmakur",
      "B.Atmakur",
      "Banaganapalli",
      "Bethamcherla",
      "Brahamanakotkur",
      "Chagalamarri",
      "Dhone Rural",
      "Dhone Town",
      "Dornipadu",
      "Gadivemula",
      "Gospadu",
      "Jaladurgam",
      "Jupadu Bangalow",
      "Koilakuntla",
      "Kolimigundla",
      "Kothapalli",
      "Mahanandi",
      "Midthur",
      "Muchumarri",
      "N.Racherla",
      "Nandikotkur",
      "Nandivargam",
      "Nandyal I Town",
      "Nandyal II Town",
      "Nandyal III Town",
      "Nandyal Taluk",
      "Owk",
      "Pamulapadu",
      "Panyam",
      "Peapully",
      "Revanur",
      "Rudravaram",
      "Sanjamala",
      "Sirivella",
      "Srisailam I Town",
      "Srisailam II Town",
      "Traffic",
      "Uyyalawada",
      "Velugodu"
    ],
    "Annamayya": [
      "B.Kothakota",
      "Chinnamandem",
      "Chitvel",
      "Galiveedu",
      "Gurramkonda",
      "K.V.Palli",
      "Kalakada",
      "Kalikiri",
      "Kodur",
      "Lakkireddipalli",
      "Madanapalle I Town",
      "Madanapalle II Town",
      "Madanapalle Rural",
      "Mannur",
      "Mudiveedu",
      "Mulakalacheruvu",
      "Nandalur",
      "Nimmanapalle",
      "Obulavaripalli",
      "P.T.Samudram (PTM)",
      "Peddamandayam",
      "Penagalur",
      "Piler",
      "Pullampeta",
      "Rajampet",
      "Ramapuram",
      "Ramasamudram",
      "Rayachoty",
      "Sambepalli",
      "T. Sundupalli",
      "Thamballapalli",
      "Traffic",
      "Veeraballi",
      "Voyalpad"
    ],
    "YSR": [
    "Atlur",
    "B.Kodur",
    "B.Matam",
    "Badvel",
    "Badvel Rural (Gopavaram)",
    "CCS",
    "Chapadu",
    "Chekrayapet",
    "Chennur",
    "Chinna Chowk",
    "Chintakomma Dinne",
    "Duvvur",
    "Gangireddipalli (G.R.Palli)",
    "Jammalamadugu",
    "Kadapa I Town",
    "Kadapa II Town",
    "Kadapa Rural",
    "Kalamalla",
    "Kalasapadu",
    "Kamalapuram",
    "Khajipet",
    "Kondapuram",
    "Lingala",
    "Mahila UPS",
    "Muddanur",
    "Mydukur",
    "Mylavaram",
    "Peddamudium",
    "Pendlimarri",
    "Porumamilla",
    "Proddatur I Town",
    "Proddatur II Town",
    "Proddatur III Town",
    "Proddatur Rural",
    "Proddatur Traffic",
    "Pulivendula",
    "RIMS",
    "RK Valley",
    "Rajupalem",
    "SAKN PS",
    "Sidhout",
    "Simhadripuram",
    "Talamanchipatnam",
    "Tallaproddatur",
    "Thondur",
    "Traffic",
    "Vallur",
    "Vempalli",
    "Vemula",
    "Vontimitta",
    "Yerraguntla"
  ],
    "Alluri Sitharama Raju": [
      "Addateegala",
      "Anantagiri",
      "Annavaram",
      "Araku",
      "Chinthapalli",
      "Chintoor",
      "Devipatnam",
      "Donkarai",
      "Dumbriguda",
      "Dutcherthi",
      "Gangaraju Madugula(G.Madugula)",
      "Gangavaram",
      "Gudemkothaveedi (G.K.Veedhi)",
      "Gurthedu",
      "Hukumpeta",
      "Jaddangi",
      "Koyyuru",
      "Kunavaram",
      "Mampa",
      "Maredumilli",
      "Moothugudem",
      "Munchingiput",
      "Paderu",
      "Pedabayalu",
      "Rajavommangi",
      "Rampachodavaram",
      "Sileru",
      "Vara Ramachandrapuram",
      "Y. Ramavaram",
      "Yetapaka"
    ],
    "Anakapalli": [
      "A.Koduru",
      "Anakapalli Rural",
      "Anakapalli Town",
      "Atchutapuram",
      "Butchiyyapeta",
      "CCS",
      "Cheedikada",
      "Chodavaram",
      "Devarapalli",
      "Golugonda",
      "K.D.Peta",
      "K.Kotapadu",
      "Kasimkota",
      "Kotavurtla",
      "Kothakota",
      "Mahila UPS",
      "Makavarapalem",
      "Munagapaka",
      "Nakkapalli",
      "Narsipatnam Rural",
      "Narsipatnam Town",
      "Nathavaram",
      "Parawada",
      "Payakaraopeta",
      "Rambilli",
      "Ravikamatham",
      "Rolugunta",
      "S.Rayavaram",
      "Sabbavaram",
      "V.Madugula",
      "Yelamanchili Rural",
      "Yelamanchili Town"
    ],
    "Parvathipuram Manyam": [
      "Balijipeta",
      "Bathili",
      "Chinamerangi",
      "Donubhai",
      "Elwinpeta",
      "Garugubilli",
      "Jiyyammavalasa",
      "Komarada",
      "Kotiya",
      "Kurupam",
      "Makkuva",
      "Neelakantapuram",
      "Pachipenta",
      "Palakonda",
      "Parvathipuram Rural",
      "Parvathipuram Town",
      "Parvathipuram Traffic",
      "Salur Rural",
      "Salur Town",
      "Seethampeta",
      "Seethanagaram",
      "Veeraghattam"
    ],
    "Srikakulam": [
      "Amadalavalasa",
      "Baruva",
      "Burja",
      "CCS",
      "Etcherla",
      "G. Sigadam",
      "Gara",
      "Hiramandalam",
      "Itchapuram Rural",
      "Itchapuram Town",
      "J.R.Puram",
      "Jalumuru",
      "Kanchili",
      "Kasibugga",
      "Kaviti",
      "Kotabommali",
      "Kothuru",
      "Laveru",
      "Mahila UPS",
      "Mandasa",
      "Meliaputti",
      "Nandigam",
      "Narasannapeta",
      "Naupada",
      "Pathapatnam",
      "Polaki",
      "Ponduru",
      "Santhabommali",
      "Saravakota",
      "Sarubujjili",
      "Sompeta",
      "Srikakulam I Town",
      "Srikakulam II Town",
      "Srikakulam Rural",
      "Tekkali PS",
      "Traffic",
      "Vajrapukothuru"
    ],
    "Vizianagaram": [
      "Andra",
      "Badangi",
      "Bhogapuram",
      "Bobbili Town",
      "Bondapalli",
      "Budarayavalasa",
      "Burjavalasa",
      "CCS",
      "Cheepurupalli",
      "Denkada",
      "Gajapathinagaram",
      "Gantyada",
      "Garividi",
      "Gurla",
      "Jami",
      "Kothavalasa",
      "L Kota",
      "Mahila UPS",
      "Nellimarla",
      "Pedamanapuram",
      "Pusapatirega",
      "Rajam Town",
      "Ramabhadrapuram",
      "Regidi Amudalavalsa",
      "S.Kota",
      "Santhakaviti",
      "Therlam",
      "Traffic",
      "Vallampudi",
      "Vangara",
      "Vizianagaram I Town",
      "Vizianagaram II Town",
      "Vizianagaram Rural"
    ],
    "NTR Commissionerate": [
      "A. Konduru",
      "Ajith Singh Nagar",
      "Bhavanipuram",
      "CCS , Vijayawada",
      "Chandarlapadu",
      "Chillakallu",
      "Cyber Crime",
      "G. Konduru",
      "Gampalagudem",
      "Governorpet",
      "Governorpet-CRIME",
      "Gunadala",
      "Ibrahimpatnam",
      "Jaggaiahpet",
      "Kanchikacherla",
      "Krishnalanka",
      "Krishnalanka-CRIME",
      "Machavaram",
      "Machavaram-CRIME",
      "Mahila UPS, Vijayawada",
      "Mylavaram",
      "Nandigama",
      "Nunna",
      "Patamata",
      "Patamata-CRIME",
      "Penuganchiprolu",
      "Reddigudem",
      "Satyanarayanapuram",
      "Satyanarayanapuram-CRIME",
      "Suryaraopet",
      "Suryaraopet-CRIME",
      "Tiruvuru",
      "Vatsavai",
      "Veerulapadu",
      "Vijayawada I Tn-CRIME",
      "Vijayawada I Town",
      "Vijayawada II Town",
      "Vijayawada II Town-CRIME",
      "Vijayawada Traffic I (T)",
      "Vijayawada Traffic II (T)",
      "Vijayawada Traffic III (T)",
      "Vijayawada Traffic IV (T)",
      "Vijayawada Traffic V (T)",
      "Vissannapet"
    ],
    "Visakhapatnam Commissionerate": [
      "Airport",
      "Anandapuram",
      "Arilova",
      "Bhimunipatnam",
      "Duvvada",
      "Dwaraka",
      "Gajuwaka",
      "Gajuwaka Traffic",
      "Gopalapatnam",
      "Harbour",
      "I Town",
      "I Town Traffic",
      "II Town",
      "II Town Traffic",
      "III Town",
      "III Town Traffic",
      "IV Town",
      "IV Town Traffic",
      "Kancharapalem PS",
      "Kancharapalem Traffic",
      "Maharanipeta",
      "Mahila UPS, Visakhapatnam",
      "Malkapuram",
      "Muvvalavanipalem",
      "New Port",
      "New Port Traffic",
      "PM Palem",
      "Padmanabham",
      "Pendurthy",
      "Steelplant"
    ]
}